-- --------------------------------------------------------
-- Host:                         127.0.0.1
-- Server version:               5.7.33 - MySQL Community Server (GPL)
-- Server OS:                    Win64
-- HeidiSQL Version:             11.2.0.6213
-- --------------------------------------------------------

/*!40101 SET @OLD_CHARACTER_SET_CLIENT=@@CHARACTER_SET_CLIENT */;
/*!40101 SET NAMES utf8 */;
/*!50503 SET NAMES utf8mb4 */;
/*!40014 SET @OLD_FOREIGN_KEY_CHECKS=@@FOREIGN_KEY_CHECKS, FOREIGN_KEY_CHECKS=0 */;
/*!40101 SET @OLD_SQL_MODE=@@SQL_MODE, SQL_MODE='NO_AUTO_VALUE_ON_ZERO' */;
/*!40111 SET @OLD_SQL_NOTES=@@SQL_NOTES, SQL_NOTES=0 */;

-- Dumping data for table directus.building: ~1 rows (approximately)
/*!40000 ALTER TABLE `building` DISABLE KEYS */;
INSERT INTO `building` (`id`, `user_created`, `date_created`, `user_updated`, `date_updated`, `name`) VALUES
	(1, 'fed9685b-4844-4e14-ae9a-e385c8e04bbf', '2022-02-17 21:22:46', NULL, NULL, 'Zografou A1');
/*!40000 ALTER TABLE `building` ENABLE KEYS */;

-- Dumping data for table directus.directus_activity: ~79 rows (approximately)
/*!40000 ALTER TABLE `directus_activity` DISABLE KEYS */;
INSERT INTO `directus_activity` (`id`, `action`, `user`, `timestamp`, `ip`, `user_agent`, `collection`, `item`, `comment`) VALUES
	(1, 'login', 'fed9685b-4844-4e14-ae9a-e385c8e04bbf', '2022-02-17 20:33:58', '::1', 'Mozilla/5.0 (Windows NT 10.0; Win64; x64) AppleWebKit/537.36 (KHTML, like Gecko) Chrome/98.0.4758.80 Safari/537.36 Edg/98.0.1108.50', 'directus_users', 'fed9685b-4844-4e14-ae9a-e385c8e04bbf', NULL),
	(2, 'create', 'fed9685b-4844-4e14-ae9a-e385c8e04bbf', '2022-02-17 20:34:23', '::1', 'Mozilla/5.0 (Windows NT 10.0; Win64; x64) AppleWebKit/537.36 (KHTML, like Gecko) Chrome/98.0.4758.80 Safari/537.36 Edg/98.0.1108.50', 'directus_dashboards', 'c15cdacb-c680-447d-aaf9-8e5bc0af301e', NULL),
	(3, 'create', 'fed9685b-4844-4e14-ae9a-e385c8e04bbf', '2022-02-17 20:35:05', '::1', 'Mozilla/5.0 (Windows NT 10.0; Win64; x64) AppleWebKit/537.36 (KHTML, like Gecko) Chrome/98.0.4758.80 Safari/537.36 Edg/98.0.1108.50', 'directus_fields', '1', NULL),
	(4, 'create', 'fed9685b-4844-4e14-ae9a-e385c8e04bbf', '2022-02-17 20:35:05', '::1', 'Mozilla/5.0 (Windows NT 10.0; Win64; x64) AppleWebKit/537.36 (KHTML, like Gecko) Chrome/98.0.4758.80 Safari/537.36 Edg/98.0.1108.50', 'directus_fields', '2', NULL),
	(5, 'create', 'fed9685b-4844-4e14-ae9a-e385c8e04bbf', '2022-02-17 20:35:05', '::1', 'Mozilla/5.0 (Windows NT 10.0; Win64; x64) AppleWebKit/537.36 (KHTML, like Gecko) Chrome/98.0.4758.80 Safari/537.36 Edg/98.0.1108.50', 'directus_fields', '3', NULL),
	(6, 'create', 'fed9685b-4844-4e14-ae9a-e385c8e04bbf', '2022-02-17 20:35:05', '::1', 'Mozilla/5.0 (Windows NT 10.0; Win64; x64) AppleWebKit/537.36 (KHTML, like Gecko) Chrome/98.0.4758.80 Safari/537.36 Edg/98.0.1108.50', 'directus_fields', '4', NULL),
	(7, 'create', 'fed9685b-4844-4e14-ae9a-e385c8e04bbf', '2022-02-17 20:35:05', '::1', 'Mozilla/5.0 (Windows NT 10.0; Win64; x64) AppleWebKit/537.36 (KHTML, like Gecko) Chrome/98.0.4758.80 Safari/537.36 Edg/98.0.1108.50', 'directus_fields', '5', NULL),
	(8, 'create', 'fed9685b-4844-4e14-ae9a-e385c8e04bbf', '2022-02-17 20:35:05', '::1', 'Mozilla/5.0 (Windows NT 10.0; Win64; x64) AppleWebKit/537.36 (KHTML, like Gecko) Chrome/98.0.4758.80 Safari/537.36 Edg/98.0.1108.50', 'directus_collections', 'building', NULL),
	(9, 'create', 'fed9685b-4844-4e14-ae9a-e385c8e04bbf', '2022-02-17 20:35:25', '::1', 'Mozilla/5.0 (Windows NT 10.0; Win64; x64) AppleWebKit/537.36 (KHTML, like Gecko) Chrome/98.0.4758.80 Safari/537.36 Edg/98.0.1108.50', 'directus_fields', '6', NULL),
	(10, 'create', 'fed9685b-4844-4e14-ae9a-e385c8e04bbf', '2022-02-17 20:35:25', '::1', 'Mozilla/5.0 (Windows NT 10.0; Win64; x64) AppleWebKit/537.36 (KHTML, like Gecko) Chrome/98.0.4758.80 Safari/537.36 Edg/98.0.1108.50', 'directus_fields', '7', NULL),
	(11, 'create', 'fed9685b-4844-4e14-ae9a-e385c8e04bbf', '2022-02-17 20:35:25', '::1', 'Mozilla/5.0 (Windows NT 10.0; Win64; x64) AppleWebKit/537.36 (KHTML, like Gecko) Chrome/98.0.4758.80 Safari/537.36 Edg/98.0.1108.50', 'directus_fields', '8', NULL),
	(12, 'create', 'fed9685b-4844-4e14-ae9a-e385c8e04bbf', '2022-02-17 20:35:25', '::1', 'Mozilla/5.0 (Windows NT 10.0; Win64; x64) AppleWebKit/537.36 (KHTML, like Gecko) Chrome/98.0.4758.80 Safari/537.36 Edg/98.0.1108.50', 'directus_fields', '9', NULL),
	(13, 'create', 'fed9685b-4844-4e14-ae9a-e385c8e04bbf', '2022-02-17 20:35:25', '::1', 'Mozilla/5.0 (Windows NT 10.0; Win64; x64) AppleWebKit/537.36 (KHTML, like Gecko) Chrome/98.0.4758.80 Safari/537.36 Edg/98.0.1108.50', 'directus_fields', '10', NULL),
	(14, 'create', 'fed9685b-4844-4e14-ae9a-e385c8e04bbf', '2022-02-17 20:35:25', '::1', 'Mozilla/5.0 (Windows NT 10.0; Win64; x64) AppleWebKit/537.36 (KHTML, like Gecko) Chrome/98.0.4758.80 Safari/537.36 Edg/98.0.1108.50', 'directus_collections', 'unit', NULL),
	(15, 'create', 'fed9685b-4844-4e14-ae9a-e385c8e04bbf', '2022-02-17 20:35:42', '::1', 'Mozilla/5.0 (Windows NT 10.0; Win64; x64) AppleWebKit/537.36 (KHTML, like Gecko) Chrome/98.0.4758.80 Safari/537.36 Edg/98.0.1108.50', 'directus_fields', '11', NULL),
	(16, 'create', 'fed9685b-4844-4e14-ae9a-e385c8e04bbf', '2022-02-17 20:35:42', '::1', 'Mozilla/5.0 (Windows NT 10.0; Win64; x64) AppleWebKit/537.36 (KHTML, like Gecko) Chrome/98.0.4758.80 Safari/537.36 Edg/98.0.1108.50', 'directus_fields', '12', NULL),
	(17, 'create', 'fed9685b-4844-4e14-ae9a-e385c8e04bbf', '2022-02-17 20:35:42', '::1', 'Mozilla/5.0 (Windows NT 10.0; Win64; x64) AppleWebKit/537.36 (KHTML, like Gecko) Chrome/98.0.4758.80 Safari/537.36 Edg/98.0.1108.50', 'directus_fields', '13', NULL),
	(18, 'create', 'fed9685b-4844-4e14-ae9a-e385c8e04bbf', '2022-02-17 20:35:42', '::1', 'Mozilla/5.0 (Windows NT 10.0; Win64; x64) AppleWebKit/537.36 (KHTML, like Gecko) Chrome/98.0.4758.80 Safari/537.36 Edg/98.0.1108.50', 'directus_fields', '14', NULL),
	(19, 'create', 'fed9685b-4844-4e14-ae9a-e385c8e04bbf', '2022-02-17 20:35:42', '::1', 'Mozilla/5.0 (Windows NT 10.0; Win64; x64) AppleWebKit/537.36 (KHTML, like Gecko) Chrome/98.0.4758.80 Safari/537.36 Edg/98.0.1108.50', 'directus_collections', 'tenant', NULL),
	(20, 'create', 'fed9685b-4844-4e14-ae9a-e385c8e04bbf', '2022-02-17 20:36:15', '::1', 'Mozilla/5.0 (Windows NT 10.0; Win64; x64) AppleWebKit/537.36 (KHTML, like Gecko) Chrome/98.0.4758.80 Safari/537.36 Edg/98.0.1108.50', 'directus_fields', '15', NULL),
	(21, 'delete', 'fed9685b-4844-4e14-ae9a-e385c8e04bbf', '2022-02-17 20:36:28', '::1', 'Mozilla/5.0 (Windows NT 10.0; Win64; x64) AppleWebKit/537.36 (KHTML, like Gecko) Chrome/98.0.4758.80 Safari/537.36 Edg/98.0.1108.50', 'directus_collections', 'tenant', NULL),
	(22, 'create', 'fed9685b-4844-4e14-ae9a-e385c8e04bbf', '2022-02-17 20:36:36', '::1', 'Mozilla/5.0 (Windows NT 10.0; Win64; x64) AppleWebKit/537.36 (KHTML, like Gecko) Chrome/98.0.4758.80 Safari/537.36 Edg/98.0.1108.50', 'directus_fields', '16', NULL),
	(23, 'create', 'fed9685b-4844-4e14-ae9a-e385c8e04bbf', '2022-02-17 20:36:36', '::1', 'Mozilla/5.0 (Windows NT 10.0; Win64; x64) AppleWebKit/537.36 (KHTML, like Gecko) Chrome/98.0.4758.80 Safari/537.36 Edg/98.0.1108.50', 'directus_fields', '17', NULL),
	(24, 'create', 'fed9685b-4844-4e14-ae9a-e385c8e04bbf', '2022-02-17 20:36:36', '::1', 'Mozilla/5.0 (Windows NT 10.0; Win64; x64) AppleWebKit/537.36 (KHTML, like Gecko) Chrome/98.0.4758.80 Safari/537.36 Edg/98.0.1108.50', 'directus_fields', '18', NULL),
	(25, 'create', 'fed9685b-4844-4e14-ae9a-e385c8e04bbf', '2022-02-17 20:36:36', '::1', 'Mozilla/5.0 (Windows NT 10.0; Win64; x64) AppleWebKit/537.36 (KHTML, like Gecko) Chrome/98.0.4758.80 Safari/537.36 Edg/98.0.1108.50', 'directus_fields', '19', NULL),
	(26, 'create', 'fed9685b-4844-4e14-ae9a-e385c8e04bbf', '2022-02-17 20:36:36', '::1', 'Mozilla/5.0 (Windows NT 10.0; Win64; x64) AppleWebKit/537.36 (KHTML, like Gecko) Chrome/98.0.4758.80 Safari/537.36 Edg/98.0.1108.50', 'directus_fields', '20', NULL),
	(27, 'create', 'fed9685b-4844-4e14-ae9a-e385c8e04bbf', '2022-02-17 20:36:36', '::1', 'Mozilla/5.0 (Windows NT 10.0; Win64; x64) AppleWebKit/537.36 (KHTML, like Gecko) Chrome/98.0.4758.80 Safari/537.36 Edg/98.0.1108.50', 'directus_collections', 'tenant', NULL),
	(28, 'create', 'fed9685b-4844-4e14-ae9a-e385c8e04bbf', '2022-02-17 20:36:55', '::1', 'Mozilla/5.0 (Windows NT 10.0; Win64; x64) AppleWebKit/537.36 (KHTML, like Gecko) Chrome/98.0.4758.80 Safari/537.36 Edg/98.0.1108.50', 'directus_fields', '21', NULL),
	(29, 'create', 'fed9685b-4844-4e14-ae9a-e385c8e04bbf', '2022-02-17 20:37:24', '::1', 'Mozilla/5.0 (Windows NT 10.0; Win64; x64) AppleWebKit/537.36 (KHTML, like Gecko) Chrome/98.0.4758.80 Safari/537.36 Edg/98.0.1108.50', 'directus_fields', '22', NULL),
	(30, 'create', 'fed9685b-4844-4e14-ae9a-e385c8e04bbf', '2022-02-17 20:37:54', '::1', 'Mozilla/5.0 (Windows NT 10.0; Win64; x64) AppleWebKit/537.36 (KHTML, like Gecko) Chrome/98.0.4758.80 Safari/537.36 Edg/98.0.1108.50', 'directus_fields', '23', NULL),
	(31, 'create', 'fed9685b-4844-4e14-ae9a-e385c8e04bbf', '2022-02-17 20:37:54', '::1', 'Mozilla/5.0 (Windows NT 10.0; Win64; x64) AppleWebKit/537.36 (KHTML, like Gecko) Chrome/98.0.4758.80 Safari/537.36 Edg/98.0.1108.50', 'directus_fields', '24', NULL),
	(32, 'create', 'fed9685b-4844-4e14-ae9a-e385c8e04bbf', '2022-02-17 20:37:54', '::1', 'Mozilla/5.0 (Windows NT 10.0; Win64; x64) AppleWebKit/537.36 (KHTML, like Gecko) Chrome/98.0.4758.80 Safari/537.36 Edg/98.0.1108.50', 'directus_fields', '25', NULL),
	(33, 'create', 'fed9685b-4844-4e14-ae9a-e385c8e04bbf', '2022-02-17 20:37:54', '::1', 'Mozilla/5.0 (Windows NT 10.0; Win64; x64) AppleWebKit/537.36 (KHTML, like Gecko) Chrome/98.0.4758.80 Safari/537.36 Edg/98.0.1108.50', 'directus_fields', '26', NULL),
	(34, 'create', 'fed9685b-4844-4e14-ae9a-e385c8e04bbf', '2022-02-17 20:37:55', '::1', 'Mozilla/5.0 (Windows NT 10.0; Win64; x64) AppleWebKit/537.36 (KHTML, like Gecko) Chrome/98.0.4758.80 Safari/537.36 Edg/98.0.1108.50', 'directus_fields', '27', NULL),
	(35, 'create', 'fed9685b-4844-4e14-ae9a-e385c8e04bbf', '2022-02-17 20:37:55', '::1', 'Mozilla/5.0 (Windows NT 10.0; Win64; x64) AppleWebKit/537.36 (KHTML, like Gecko) Chrome/98.0.4758.80 Safari/537.36 Edg/98.0.1108.50', 'directus_collections', 'payment_log', NULL),
	(36, 'create', 'fed9685b-4844-4e14-ae9a-e385c8e04bbf', '2022-02-17 21:22:45', '::1', 'Mozilla/5.0 (Windows NT 10.0; Win64; x64) AppleWebKit/537.36 (KHTML, like Gecko) Chrome/98.0.4758.80 Safari/537.36 Edg/98.0.1108.50', 'building', '1', NULL),
	(37, 'create', 'fed9685b-4844-4e14-ae9a-e385c8e04bbf', '2022-02-17 21:38:23', '::1', 'Mozilla/5.0 (Windows NT 10.0; Win64; x64) AppleWebKit/537.36 (KHTML, like Gecko) Chrome/98.0.4758.80 Safari/537.36 Edg/98.0.1108.50', 'directus_fields', '28', NULL),
	(38, 'create', 'fed9685b-4844-4e14-ae9a-e385c8e04bbf', '2022-02-17 21:38:40', '::1', 'Mozilla/5.0 (Windows NT 10.0; Win64; x64) AppleWebKit/537.36 (KHTML, like Gecko) Chrome/98.0.4758.80 Safari/537.36 Edg/98.0.1108.50', 'unit', '1', NULL),
	(39, 'update', 'fed9685b-4844-4e14-ae9a-e385c8e04bbf', '2022-02-17 21:38:57', '::1', 'Mozilla/5.0 (Windows NT 10.0; Win64; x64) AppleWebKit/537.36 (KHTML, like Gecko) Chrome/98.0.4758.80 Safari/537.36 Edg/98.0.1108.50', 'directus_fields', '28', NULL),
	(40, 'create', 'fed9685b-4844-4e14-ae9a-e385c8e04bbf', '2022-02-17 21:39:40', '::1', 'Mozilla/5.0 (Windows NT 10.0; Win64; x64) AppleWebKit/537.36 (KHTML, like Gecko) Chrome/98.0.4758.80 Safari/537.36 Edg/98.0.1108.50', 'unit', '2', NULL),
	(41, 'create', 'fed9685b-4844-4e14-ae9a-e385c8e04bbf', '2022-02-17 21:52:24', '::1', 'Mozilla/5.0 (Windows NT 10.0; Win64; x64) AppleWebKit/537.36 (KHTML, like Gecko) Chrome/98.0.4758.80 Safari/537.36 Edg/98.0.1108.50', 'directus_fields', '29', NULL),
	(42, 'update', 'fed9685b-4844-4e14-ae9a-e385c8e04bbf', '2022-02-17 21:52:52', '::1', 'Mozilla/5.0 (Windows NT 10.0; Win64; x64) AppleWebKit/537.36 (KHTML, like Gecko) Chrome/98.0.4758.80 Safari/537.36 Edg/98.0.1108.50', 'directus_fields', '29', NULL),
	(43, 'create', 'fed9685b-4844-4e14-ae9a-e385c8e04bbf', '2022-02-17 22:15:46', '::1', 'Mozilla/5.0 (Windows NT 10.0; Win64; x64) AppleWebKit/537.36 (KHTML, like Gecko) Chrome/98.0.4758.80 Safari/537.36 Edg/98.0.1108.50', 'directus_fields', '30', NULL),
	(44, 'update', 'fed9685b-4844-4e14-ae9a-e385c8e04bbf', '2022-02-17 22:17:18', '::1', 'Mozilla/5.0 (Windows NT 10.0; Win64; x64) AppleWebKit/537.36 (KHTML, like Gecko) Chrome/98.0.4758.80 Safari/537.36 Edg/98.0.1108.50', 'directus_fields', '30', NULL),
	(45, 'create', 'fed9685b-4844-4e14-ae9a-e385c8e04bbf', '2022-02-17 22:18:31', '::1', 'Mozilla/5.0 (Windows NT 10.0; Win64; x64) AppleWebKit/537.36 (KHTML, like Gecko) Chrome/98.0.4758.80 Safari/537.36 Edg/98.0.1108.50', 'directus_fields', '31', NULL),
	(46, 'update', 'fed9685b-4844-4e14-ae9a-e385c8e04bbf', '2022-02-17 22:18:49', '::1', 'Mozilla/5.0 (Windows NT 10.0; Win64; x64) AppleWebKit/537.36 (KHTML, like Gecko) Chrome/98.0.4758.80 Safari/537.36 Edg/98.0.1108.50', 'unit', '1', NULL),
	(47, 'update', 'fed9685b-4844-4e14-ae9a-e385c8e04bbf', '2022-02-17 22:19:17', '::1', 'Mozilla/5.0 (Windows NT 10.0; Win64; x64) AppleWebKit/537.36 (KHTML, like Gecko) Chrome/98.0.4758.80 Safari/537.36 Edg/98.0.1108.50', 'directus_fields', '31', NULL),
	(48, 'update', 'fed9685b-4844-4e14-ae9a-e385c8e04bbf', '2022-02-17 22:19:55', '::1', 'Mozilla/5.0 (Windows NT 10.0; Win64; x64) AppleWebKit/537.36 (KHTML, like Gecko) Chrome/98.0.4758.80 Safari/537.36 Edg/98.0.1108.50', 'directus_fields', '31', NULL),
	(49, 'create', 'fed9685b-4844-4e14-ae9a-e385c8e04bbf', '2022-02-17 22:21:45', '::1', 'Mozilla/5.0 (Windows NT 10.0; Win64; x64) AppleWebKit/537.36 (KHTML, like Gecko) Chrome/98.0.4758.80 Safari/537.36 Edg/98.0.1108.50', 'directus_fields', '32', NULL),
	(50, 'update', 'fed9685b-4844-4e14-ae9a-e385c8e04bbf', '2022-02-17 22:21:49', '::1', 'Mozilla/5.0 (Windows NT 10.0; Win64; x64) AppleWebKit/537.36 (KHTML, like Gecko) Chrome/98.0.4758.80 Safari/537.36 Edg/98.0.1108.50', 'directus_fields', '32', NULL),
	(51, 'create', 'fed9685b-4844-4e14-ae9a-e385c8e04bbf', '2022-02-17 22:21:58', '::1', 'Mozilla/5.0 (Windows NT 10.0; Win64; x64) AppleWebKit/537.36 (KHTML, like Gecko) Chrome/98.0.4758.80 Safari/537.36 Edg/98.0.1108.50', 'directus_fields', '33', NULL),
	(52, 'create', 'fed9685b-4844-4e14-ae9a-e385c8e04bbf', '2022-02-17 22:22:12', '::1', 'Mozilla/5.0 (Windows NT 10.0; Win64; x64) AppleWebKit/537.36 (KHTML, like Gecko) Chrome/98.0.4758.80 Safari/537.36 Edg/98.0.1108.50', 'tenant', '1', NULL),
	(53, 'create', 'fed9685b-4844-4e14-ae9a-e385c8e04bbf', '2022-02-17 22:23:46', '::1', 'Mozilla/5.0 (Windows NT 10.0; Win64; x64) AppleWebKit/537.36 (KHTML, like Gecko) Chrome/98.0.4758.80 Safari/537.36 Edg/98.0.1108.50', 'directus_fields', '34', NULL),
	(54, 'update', 'fed9685b-4844-4e14-ae9a-e385c8e04bbf', '2022-02-17 22:24:04', '::1', 'Mozilla/5.0 (Windows NT 10.0; Win64; x64) AppleWebKit/537.36 (KHTML, like Gecko) Chrome/98.0.4758.80 Safari/537.36 Edg/98.0.1108.50', 'tenant', '1', NULL),
	(55, 'update', 'fed9685b-4844-4e14-ae9a-e385c8e04bbf', '2022-02-17 22:30:21', '::1', 'Mozilla/5.0 (Windows NT 10.0; Win64; x64) AppleWebKit/537.36 (KHTML, like Gecko) Chrome/98.0.4758.80 Safari/537.36 Edg/98.0.1108.50', 'directus_fields', '34', NULL),
	(56, 'create', 'fed9685b-4844-4e14-ae9a-e385c8e04bbf', '2022-02-17 22:33:24', '::1', 'Mozilla/5.0 (Windows NT 10.0; Win64; x64) AppleWebKit/537.36 (KHTML, like Gecko) Chrome/98.0.4758.80 Safari/537.36 Edg/98.0.1108.50', 'directus_fields', '35', NULL),
	(57, 'update', 'fed9685b-4844-4e14-ae9a-e385c8e04bbf', '2022-02-17 22:34:56', '::1', 'Mozilla/5.0 (Windows NT 10.0; Win64; x64) AppleWebKit/537.36 (KHTML, like Gecko) Chrome/98.0.4758.80 Safari/537.36 Edg/98.0.1108.50', 'directus_fields', '35', NULL),
	(58, 'update', 'fed9685b-4844-4e14-ae9a-e385c8e04bbf', '2022-02-17 22:36:38', '::1', 'Mozilla/5.0 (Windows NT 10.0; Win64; x64) AppleWebKit/537.36 (KHTML, like Gecko) Chrome/98.0.4758.80 Safari/537.36 Edg/98.0.1108.50', 'directus_fields', '35', NULL),
	(59, 'create', 'fed9685b-4844-4e14-ae9a-e385c8e04bbf', '2022-02-17 22:37:02', '::1', 'Mozilla/5.0 (Windows NT 10.0; Win64; x64) AppleWebKit/537.36 (KHTML, like Gecko) Chrome/98.0.4758.80 Safari/537.36 Edg/98.0.1108.50', 'tenant', '2', NULL),
	(60, 'update', 'fed9685b-4844-4e14-ae9a-e385c8e04bbf', '2022-02-17 22:37:29', '::1', 'Mozilla/5.0 (Windows NT 10.0; Win64; x64) AppleWebKit/537.36 (KHTML, like Gecko) Chrome/98.0.4758.80 Safari/537.36 Edg/98.0.1108.50', 'directus_fields', '35', NULL),
	(61, 'update', 'fed9685b-4844-4e14-ae9a-e385c8e04bbf', '2022-02-17 22:48:38', '::1', 'Mozilla/5.0 (Windows NT 10.0; Win64; x64) AppleWebKit/537.36 (KHTML, like Gecko) Chrome/98.0.4758.80 Safari/537.36 Edg/98.0.1108.50', 'directus_fields', '35', NULL),
	(62, 'update', 'fed9685b-4844-4e14-ae9a-e385c8e04bbf', '2022-02-17 22:52:56', '::1', 'Mozilla/5.0 (Windows NT 10.0; Win64; x64) AppleWebKit/537.36 (KHTML, like Gecko) Chrome/98.0.4758.80 Safari/537.36 Edg/98.0.1108.50', 'directus_fields', '35', NULL),
	(63, 'update', 'fed9685b-4844-4e14-ae9a-e385c8e04bbf', '2022-02-17 22:53:13', '::1', 'Mozilla/5.0 (Windows NT 10.0; Win64; x64) AppleWebKit/537.36 (KHTML, like Gecko) Chrome/98.0.4758.80 Safari/537.36 Edg/98.0.1108.50', 'directus_fields', '35', NULL),
	(64, 'update', 'fed9685b-4844-4e14-ae9a-e385c8e04bbf', '2022-02-17 22:55:24', '::1', 'Mozilla/5.0 (Windows NT 10.0; Win64; x64) AppleWebKit/537.36 (KHTML, like Gecko) Chrome/98.0.4758.80 Safari/537.36 Edg/98.0.1108.50', 'directus_fields', '35', NULL),
	(65, 'update', 'fed9685b-4844-4e14-ae9a-e385c8e04bbf', '2022-02-17 22:56:56', '::1', 'Mozilla/5.0 (Windows NT 10.0; Win64; x64) AppleWebKit/537.36 (KHTML, like Gecko) Chrome/98.0.4758.80 Safari/537.36 Edg/98.0.1108.50', 'directus_fields', '35', NULL),
	(66, 'update', 'fed9685b-4844-4e14-ae9a-e385c8e04bbf', '2022-02-17 22:57:13', '::1', 'Mozilla/5.0 (Windows NT 10.0; Win64; x64) AppleWebKit/537.36 (KHTML, like Gecko) Chrome/98.0.4758.80 Safari/537.36 Edg/98.0.1108.50', 'directus_fields', '35', NULL),
	(67, 'update', 'fed9685b-4844-4e14-ae9a-e385c8e04bbf', '2022-02-17 22:57:21', '::1', 'Mozilla/5.0 (Windows NT 10.0; Win64; x64) AppleWebKit/537.36 (KHTML, like Gecko) Chrome/98.0.4758.80 Safari/537.36 Edg/98.0.1108.50', 'directus_fields', '35', NULL),
	(68, 'update', 'fed9685b-4844-4e14-ae9a-e385c8e04bbf', '2022-02-17 22:57:27', '::1', 'Mozilla/5.0 (Windows NT 10.0; Win64; x64) AppleWebKit/537.36 (KHTML, like Gecko) Chrome/98.0.4758.80 Safari/537.36 Edg/98.0.1108.50', 'directus_fields', '35', NULL),
	(69, 'update', 'fed9685b-4844-4e14-ae9a-e385c8e04bbf', '2022-02-17 23:02:32', '::1', 'Mozilla/5.0 (Windows NT 10.0; Win64; x64) AppleWebKit/537.36 (KHTML, like Gecko) Chrome/98.0.4758.80 Safari/537.36 Edg/98.0.1108.50', 'directus_fields', '35', NULL),
	(70, 'update', 'fed9685b-4844-4e14-ae9a-e385c8e04bbf', '2022-02-17 23:03:56', '::1', 'Mozilla/5.0 (Windows NT 10.0; Win64; x64) AppleWebKit/537.36 (KHTML, like Gecko) Chrome/98.0.4758.80 Safari/537.36 Edg/98.0.1108.50', 'directus_fields', '35', NULL),
	(71, 'update', 'fed9685b-4844-4e14-ae9a-e385c8e04bbf', '2022-02-17 23:04:59', '::1', 'Mozilla/5.0 (Windows NT 10.0; Win64; x64) AppleWebKit/537.36 (KHTML, like Gecko) Chrome/98.0.4758.80 Safari/537.36 Edg/98.0.1108.50', 'directus_fields', '35', NULL),
	(72, 'create', 'fed9685b-4844-4e14-ae9a-e385c8e04bbf', '2022-02-17 23:41:41', '::1', 'Mozilla/5.0 (Windows NT 10.0; Win64; x64) AppleWebKit/537.36 (KHTML, like Gecko) Chrome/98.0.4758.80 Safari/537.36 Edg/98.0.1108.50', 'directus_users', 'b5e64dd0-7f4b-40c1-ba25-b8ee99d38b80', NULL),
	(73, 'create', 'fed9685b-4844-4e14-ae9a-e385c8e04bbf', '2022-02-17 23:41:59', '::1', 'Mozilla/5.0 (Windows NT 10.0; Win64; x64) AppleWebKit/537.36 (KHTML, like Gecko) Chrome/98.0.4758.80 Safari/537.36 Edg/98.0.1108.50', 'directus_users', '1e755bfc-1509-4eb3-9084-e28ee0059d62', NULL),
	(74, 'create', 'fed9685b-4844-4e14-ae9a-e385c8e04bbf', '2022-02-17 23:42:08', '::1', 'Mozilla/5.0 (Windows NT 10.0; Win64; x64) AppleWebKit/537.36 (KHTML, like Gecko) Chrome/98.0.4758.80 Safari/537.36 Edg/98.0.1108.50', 'directus_users', 'c58430d4-476a-4ed4-88e9-e6aec61eca4c', NULL),
	(75, 'create', 'fed9685b-4844-4e14-ae9a-e385c8e04bbf', '2022-02-17 23:42:15', '::1', 'Mozilla/5.0 (Windows NT 10.0; Win64; x64) AppleWebKit/537.36 (KHTML, like Gecko) Chrome/98.0.4758.80 Safari/537.36 Edg/98.0.1108.50', 'directus_users', '41b1aece-fbb3-40b5-b1c5-ea12ba58bfad', NULL),
	(76, 'delete', 'fed9685b-4844-4e14-ae9a-e385c8e04bbf', '2022-02-17 23:43:18', '::1', 'Mozilla/5.0 (Windows NT 10.0; Win64; x64) AppleWebKit/537.36 (KHTML, like Gecko) Chrome/98.0.4758.80 Safari/537.36 Edg/98.0.1108.50', 'directus_users', 'c58430d4-476a-4ed4-88e9-e6aec61eca4c', NULL),
	(77, 'delete', 'fed9685b-4844-4e14-ae9a-e385c8e04bbf', '2022-02-17 23:43:18', '::1', 'Mozilla/5.0 (Windows NT 10.0; Win64; x64) AppleWebKit/537.36 (KHTML, like Gecko) Chrome/98.0.4758.80 Safari/537.36 Edg/98.0.1108.50', 'directus_users', 'b5e64dd0-7f4b-40c1-ba25-b8ee99d38b80', NULL),
	(78, 'delete', 'fed9685b-4844-4e14-ae9a-e385c8e04bbf', '2022-02-17 23:43:18', '::1', 'Mozilla/5.0 (Windows NT 10.0; Win64; x64) AppleWebKit/537.36 (KHTML, like Gecko) Chrome/98.0.4758.80 Safari/537.36 Edg/98.0.1108.50', 'directus_users', '1e755bfc-1509-4eb3-9084-e28ee0059d62', NULL),
	(79, 'delete', 'fed9685b-4844-4e14-ae9a-e385c8e04bbf', '2022-02-17 23:43:18', '::1', 'Mozilla/5.0 (Windows NT 10.0; Win64; x64) AppleWebKit/537.36 (KHTML, like Gecko) Chrome/98.0.4758.80 Safari/537.36 Edg/98.0.1108.50', 'directus_users', '41b1aece-fbb3-40b5-b1c5-ea12ba58bfad', NULL);
/*!40000 ALTER TABLE `directus_activity` ENABLE KEYS */;

-- Dumping data for table directus.directus_collections: ~4 rows (approximately)
/*!40000 ALTER TABLE `directus_collections` DISABLE KEYS */;
INSERT INTO `directus_collections` (`collection`, `icon`, `note`, `display_template`, `hidden`, `singleton`, `translations`, `archive_field`, `archive_app_filter`, `archive_value`, `unarchive_value`, `sort_field`, `accountability`, `color`, `item_duplication_fields`, `sort`, `group`, `collapse`) VALUES
	('building', NULL, NULL, NULL, 0, 0, NULL, NULL, 1, NULL, NULL, NULL, 'all', NULL, NULL, NULL, NULL, 'open'),
	('payment_log', NULL, NULL, NULL, 0, 0, NULL, NULL, 1, NULL, NULL, NULL, 'all', NULL, NULL, NULL, NULL, 'open'),
	('tenant', NULL, NULL, NULL, 0, 0, NULL, NULL, 1, NULL, NULL, NULL, 'all', NULL, NULL, NULL, NULL, 'open'),
	('unit', NULL, NULL, NULL, 0, 0, NULL, NULL, 1, NULL, NULL, NULL, 'all', NULL, NULL, NULL, NULL, 'open');
/*!40000 ALTER TABLE `directus_collections` ENABLE KEYS */;

-- Dumping data for table directus.directus_dashboards: ~0 rows (approximately)
/*!40000 ALTER TABLE `directus_dashboards` DISABLE KEYS */;
INSERT INTO `directus_dashboards` (`id`, `name`, `icon`, `note`, `date_created`, `user_created`) VALUES
	('c15cdacb-c680-447d-aaf9-8e5bc0af301e', 'Statistics', 'dashboard', NULL, '2022-02-17 20:34:24', 'fed9685b-4844-4e14-ae9a-e385c8e04bbf');
/*!40000 ALTER TABLE `directus_dashboards` ENABLE KEYS */;

-- Dumping data for table directus.directus_fields: ~25 rows (approximately)
/*!40000 ALTER TABLE `directus_fields` DISABLE KEYS */;
INSERT INTO `directus_fields` (`id`, `collection`, `field`, `special`, `interface`, `options`, `display`, `display_options`, `readonly`, `hidden`, `sort`, `width`, `translations`, `note`, `conditions`, `required`, `group`) VALUES
	(1, 'building', 'id', NULL, 'input', NULL, NULL, NULL, 1, 1, NULL, 'full', NULL, NULL, NULL, 0, NULL),
	(2, 'building', 'user_created', 'user-created', 'select-dropdown-m2o', '{"template": "{{avatar.$thumbnail}} {{first_name}} {{last_name}}"}', 'user', NULL, 1, 1, NULL, 'half', NULL, NULL, NULL, 0, NULL),
	(3, 'building', 'date_created', 'date-created', 'datetime', NULL, 'datetime', '{"relative": true}', 1, 1, NULL, 'half', NULL, NULL, NULL, 0, NULL),
	(4, 'building', 'user_updated', 'user-updated', 'select-dropdown-m2o', '{"template": "{{avatar.$thumbnail}} {{first_name}} {{last_name}}"}', 'user', NULL, 1, 1, NULL, 'half', NULL, NULL, NULL, 0, NULL),
	(5, 'building', 'date_updated', 'date-updated', 'datetime', NULL, 'datetime', '{"relative": true}', 1, 1, NULL, 'half', NULL, NULL, NULL, 0, NULL),
	(6, 'unit', 'id', NULL, 'input', NULL, NULL, NULL, 1, 1, NULL, 'full', NULL, NULL, NULL, 0, NULL),
	(7, 'unit', 'user_created', 'user-created', 'select-dropdown-m2o', '{"template": "{{avatar.$thumbnail}} {{first_name}} {{last_name}}"}', 'user', NULL, 1, 1, NULL, 'half', NULL, NULL, NULL, 0, NULL),
	(8, 'unit', 'date_created', 'date-created', 'datetime', NULL, 'datetime', '{"relative": true}', 1, 1, NULL, 'half', NULL, NULL, NULL, 0, NULL),
	(9, 'unit', 'user_updated', 'user-updated', 'select-dropdown-m2o', '{"template": "{{avatar.$thumbnail}} {{first_name}} {{last_name}}"}', 'user', NULL, 1, 1, NULL, 'half', NULL, NULL, NULL, 0, NULL),
	(10, 'unit', 'date_updated', 'date-updated', 'datetime', NULL, 'datetime', '{"relative": true}', 1, 1, NULL, 'half', NULL, NULL, NULL, 0, NULL),
	(15, 'building', 'name', NULL, 'input', NULL, 'raw', NULL, 0, 0, NULL, 'full', NULL, NULL, NULL, 1, NULL),
	(16, 'tenant', 'id', NULL, 'input', NULL, NULL, NULL, 1, 1, NULL, 'full', NULL, NULL, NULL, 0, NULL),
	(17, 'tenant', 'user_created', 'user-created', 'select-dropdown-m2o', '{"template": "{{avatar.$thumbnail}} {{first_name}} {{last_name}}"}', 'user', NULL, 1, 1, NULL, 'half', NULL, NULL, NULL, 0, NULL),
	(18, 'tenant', 'date_created', 'date-created', 'datetime', NULL, 'datetime', '{"relative": true}', 1, 1, NULL, 'half', NULL, NULL, NULL, 0, NULL),
	(19, 'tenant', 'user_updated', 'user-updated', 'select-dropdown-m2o', '{"template": "{{avatar.$thumbnail}} {{first_name}} {{last_name}}"}', 'user', NULL, 1, 1, NULL, 'half', NULL, NULL, NULL, 0, NULL),
	(20, 'tenant', 'date_updated', 'date-updated', 'datetime', NULL, 'datetime', '{"relative": true}', 1, 1, NULL, 'half', NULL, NULL, NULL, 0, NULL),
	(22, 'unit', 'name', NULL, 'input', NULL, 'raw', NULL, 0, 0, NULL, 'full', NULL, NULL, NULL, 1, NULL),
	(23, 'payment_log', 'id', NULL, 'input', NULL, NULL, NULL, 1, 1, NULL, 'full', NULL, NULL, NULL, 0, NULL),
	(24, 'payment_log', 'user_created', 'user-created', 'select-dropdown-m2o', '{"template": "{{avatar.$thumbnail}} {{first_name}} {{last_name}}"}', 'user', NULL, 1, 1, NULL, 'half', NULL, NULL, NULL, 0, NULL),
	(25, 'payment_log', 'date_created', 'date-created', 'datetime', NULL, 'datetime', '{"relative": true}', 1, 1, NULL, 'half', NULL, NULL, NULL, 0, NULL),
	(26, 'payment_log', 'user_updated', 'user-updated', 'select-dropdown-m2o', '{"template": "{{avatar.$thumbnail}} {{first_name}} {{last_name}}"}', 'user', NULL, 1, 1, NULL, 'half', NULL, NULL, NULL, 0, NULL),
	(27, 'payment_log', 'date_updated', 'date-updated', 'datetime', NULL, 'datetime', '{"relative": true}', 1, 1, NULL, 'half', NULL, NULL, NULL, 0, NULL),
	(30, 'unit', 'related_building', 'm2o', 'select-dropdown-m2o', '{"template": "{{name}}"}', 'related-values', '{"template": "{{name}}"}', 0, 0, NULL, 'full', NULL, NULL, NULL, 0, NULL),
	(31, 'building', 'related_unit', 'o2m', 'list-o2m', '{"template": "{{name}}", "displayTemplate": "{{name}}"}', 'related-values', '{"template": "{{name}}"}', 0, 0, NULL, 'full', NULL, NULL, NULL, 0, NULL),
	(32, 'tenant', 'first_name', NULL, 'input', NULL, 'formatted-value', NULL, 0, 0, NULL, 'half', NULL, NULL, NULL, 1, NULL),
	(33, 'tenant', 'last_name', NULL, 'input', NULL, 'formatted-value', NULL, 0, 0, NULL, 'half', NULL, NULL, NULL, 1, NULL),
	(34, 'tenant', 'related_unit', 'm2o', 'select-dropdown-m2o', '{"template": "{{name}}"}', 'related-values', '{"template": "{{name}}"}', 0, 0, NULL, 'full', NULL, NULL, NULL, 0, NULL),
	(35, 'unit', 'related_tenant', 'o2m', 'list-o2m', '{"filter": null, "template": "{{first_name}} {{last_name}}", "enableCreate": false, "displayTemplate": "{{first_name}} {{last_name}}"}', 'related-values', '{"template": "{{first_name}} {{last_name}}"}', 0, 0, NULL, 'full', NULL, NULL, '[{"name": "kmkl", "rule": {"_and": [{"related_tenant": {"related_unit": {"id": {"_eq": "0"}}}}]}}]', 0, NULL);
/*!40000 ALTER TABLE `directus_fields` ENABLE KEYS */;

-- Dumping data for table directus.directus_files: ~0 rows (approximately)
/*!40000 ALTER TABLE `directus_files` DISABLE KEYS */;
/*!40000 ALTER TABLE `directus_files` ENABLE KEYS */;

-- Dumping data for table directus.directus_folders: ~0 rows (approximately)
/*!40000 ALTER TABLE `directus_folders` DISABLE KEYS */;
/*!40000 ALTER TABLE `directus_folders` ENABLE KEYS */;

-- Dumping data for table directus.directus_migrations: ~46 rows (approximately)
/*!40000 ALTER TABLE `directus_migrations` DISABLE KEYS */;
INSERT INTO `directus_migrations` (`version`, `name`, `timestamp`) VALUES
	('20201028A', 'Remove Collection Foreign Keys', '2022-02-17 20:32:46'),
	('20201029A', 'Remove System Relations', '2022-02-17 20:32:46'),
	('20201029B', 'Remove System Collections', '2022-02-17 20:32:46'),
	('20201029C', 'Remove System Fields', '2022-02-17 20:32:46'),
	('20201105A', 'Add Cascade System Relations', '2022-02-17 20:32:47'),
	('20201105B', 'Change Webhook URL Type', '2022-02-17 20:32:47'),
	('20210225A', 'Add Relations Sort Field', '2022-02-17 20:32:47'),
	('20210304A', 'Remove Locked Fields', '2022-02-17 20:32:47'),
	('20210312A', 'Webhooks Collections Text', '2022-02-17 20:32:47'),
	('20210331A', 'Add Refresh Interval', '2022-02-17 20:32:47'),
	('20210415A', 'Make Filesize Nullable', '2022-02-17 20:32:47'),
	('20210416A', 'Add Collections Accountability', '2022-02-17 20:32:47'),
	('20210422A', 'Remove Files Interface', '2022-02-17 20:32:47'),
	('20210506A', 'Rename Interfaces', '2022-02-17 20:32:47'),
	('20210510A', 'Restructure Relations', '2022-02-17 20:32:47'),
	('20210518A', 'Add Foreign Key Constraints', '2022-02-17 20:32:47'),
	('20210519A', 'Add System Fk Triggers', '2022-02-17 20:32:47'),
	('20210521A', 'Add Collections Icon Color', '2022-02-17 20:32:47'),
	('20210525A', 'Add Insights', '2022-02-17 20:32:48'),
	('20210608A', 'Add Deep Clone Config', '2022-02-17 20:32:48'),
	('20210626A', 'Change Filesize Bigint', '2022-02-17 20:32:48'),
	('20210716A', 'Add Conditions to Fields', '2022-02-17 20:32:48'),
	('20210721A', 'Add Default Folder', '2022-02-17 20:32:48'),
	('20210802A', 'Replace Groups', '2022-02-17 20:32:48'),
	('20210803A', 'Add Required to Fields', '2022-02-17 20:32:48'),
	('20210805A', 'Update Groups', '2022-02-17 20:32:48'),
	('20210805B', 'Change Image Metadata Structure', '2022-02-17 20:32:48'),
	('20210811A', 'Add Geometry Config', '2022-02-17 20:32:48'),
	('20210831A', 'Remove Limit Column', '2022-02-17 20:32:48'),
	('20210903A', 'Add Auth Provider', '2022-02-17 20:32:48'),
	('20210907A', 'Webhooks Collections Not Null', '2022-02-17 20:32:48'),
	('20210910A', 'Move Module Setup', '2022-02-17 20:32:48'),
	('20210920A', 'Webhooks URL Not Null', '2022-02-17 20:32:48'),
	('20210924A', 'Add Collection Organization', '2022-02-17 20:32:48'),
	('20210927A', 'Replace Fields Group', '2022-02-17 20:32:48'),
	('20210927B', 'Replace M2M Interface', '2022-02-17 20:32:48'),
	('20210929A', 'Rename Login Action', '2022-02-17 20:32:48'),
	('20211007A', 'Update Presets', '2022-02-17 20:32:48'),
	('20211009A', 'Add Auth Data', '2022-02-17 20:32:48'),
	('20211016A', 'Add Webhook Headers', '2022-02-17 20:32:48'),
	('20211103A', 'Set Unique to User Token', '2022-02-17 20:32:48'),
	('20211103B', 'Update Special Geometry', '2022-02-17 20:32:48'),
	('20211104A', 'Remove Collections Listing', '2022-02-17 20:32:48'),
	('20211118A', 'Add Notifications', '2022-02-17 20:32:48'),
	('20211211A', 'Add Shares', '2022-02-17 20:32:49'),
	('20211230A', 'Add Project Descriptor', '2022-02-17 20:32:49');
/*!40000 ALTER TABLE `directus_migrations` ENABLE KEYS */;

-- Dumping data for table directus.directus_notifications: ~0 rows (approximately)
/*!40000 ALTER TABLE `directus_notifications` DISABLE KEYS */;
/*!40000 ALTER TABLE `directus_notifications` ENABLE KEYS */;

-- Dumping data for table directus.directus_panels: ~0 rows (approximately)
/*!40000 ALTER TABLE `directus_panels` DISABLE KEYS */;
/*!40000 ALTER TABLE `directus_panels` ENABLE KEYS */;

-- Dumping data for table directus.directus_permissions: ~0 rows (approximately)
/*!40000 ALTER TABLE `directus_permissions` DISABLE KEYS */;
/*!40000 ALTER TABLE `directus_permissions` ENABLE KEYS */;

-- Dumping data for table directus.directus_presets: ~0 rows (approximately)
/*!40000 ALTER TABLE `directus_presets` DISABLE KEYS */;
/*!40000 ALTER TABLE `directus_presets` ENABLE KEYS */;

-- Dumping data for table directus.directus_relations: ~8 rows (approximately)
/*!40000 ALTER TABLE `directus_relations` DISABLE KEYS */;
INSERT INTO `directus_relations` (`id`, `many_collection`, `many_field`, `one_collection`, `one_field`, `one_collection_field`, `one_allowed_collections`, `junction_field`, `sort_field`, `one_deselect_action`) VALUES
	(1, 'building', 'user_created', 'directus_users', NULL, NULL, NULL, NULL, NULL, 'nullify'),
	(2, 'building', 'user_updated', 'directus_users', NULL, NULL, NULL, NULL, NULL, 'nullify'),
	(3, 'unit', 'user_created', 'directus_users', NULL, NULL, NULL, NULL, NULL, 'nullify'),
	(4, 'unit', 'user_updated', 'directus_users', NULL, NULL, NULL, NULL, NULL, 'nullify'),
	(6, 'tenant', 'user_created', 'directus_users', NULL, NULL, NULL, NULL, NULL, 'nullify'),
	(7, 'tenant', 'user_updated', 'directus_users', NULL, NULL, NULL, NULL, NULL, 'nullify'),
	(8, 'payment_log', 'user_created', 'directus_users', NULL, NULL, NULL, NULL, NULL, 'nullify'),
	(9, 'payment_log', 'user_updated', 'directus_users', NULL, NULL, NULL, NULL, NULL, 'nullify'),
	(12, 'unit', 'related_building', 'building', 'related_unit', NULL, NULL, NULL, NULL, 'nullify'),
	(13, 'tenant', 'related_unit', 'unit', 'related_tenant', NULL, NULL, NULL, NULL, 'nullify');
/*!40000 ALTER TABLE `directus_relations` ENABLE KEYS */;

-- Dumping data for table directus.directus_revisions: ~67 rows (approximately)
/*!40000 ALTER TABLE `directus_revisions` DISABLE KEYS */;
INSERT INTO `directus_revisions` (`id`, `activity`, `collection`, `item`, `data`, `delta`, `parent`) VALUES
	(1, 2, 'directus_dashboards', 'c15cdacb-c680-447d-aaf9-8e5bc0af301e', '{"icon": "dashboard", "name": "Statistics", "note": null}', '{"icon": "dashboard", "name": "Statistics", "note": null}', NULL),
	(2, 3, 'directus_fields', '1', '{"field": "id", "hidden": true, "readonly": true, "interface": "input", "collection": "building"}', '{"field": "id", "hidden": true, "readonly": true, "interface": "input", "collection": "building"}', NULL),
	(3, 4, 'directus_fields', '2', '{"field": "user_created", "width": "half", "hidden": true, "display": "user", "options": {"template": "{{avatar.$thumbnail}} {{first_name}} {{last_name}}"}, "special": "user-created", "readonly": true, "interface": "select-dropdown-m2o", "collection": "building"}', '{"field": "user_created", "width": "half", "hidden": true, "display": "user", "options": {"template": "{{avatar.$thumbnail}} {{first_name}} {{last_name}}"}, "special": "user-created", "readonly": true, "interface": "select-dropdown-m2o", "collection": "building"}', NULL),
	(4, 5, 'directus_fields', '3', '{"field": "date_created", "width": "half", "hidden": true, "display": "datetime", "special": "date-created", "readonly": true, "interface": "datetime", "collection": "building", "display_options": {"relative": true}}', '{"field": "date_created", "width": "half", "hidden": true, "display": "datetime", "special": "date-created", "readonly": true, "interface": "datetime", "collection": "building", "display_options": {"relative": true}}', NULL),
	(5, 6, 'directus_fields', '4', '{"field": "user_updated", "width": "half", "hidden": true, "display": "user", "options": {"template": "{{avatar.$thumbnail}} {{first_name}} {{last_name}}"}, "special": "user-updated", "readonly": true, "interface": "select-dropdown-m2o", "collection": "building"}', '{"field": "user_updated", "width": "half", "hidden": true, "display": "user", "options": {"template": "{{avatar.$thumbnail}} {{first_name}} {{last_name}}"}, "special": "user-updated", "readonly": true, "interface": "select-dropdown-m2o", "collection": "building"}', NULL),
	(6, 7, 'directus_fields', '5', '{"field": "date_updated", "width": "half", "hidden": true, "display": "datetime", "special": "date-updated", "readonly": true, "interface": "datetime", "collection": "building", "display_options": {"relative": true}}', '{"field": "date_updated", "width": "half", "hidden": true, "display": "datetime", "special": "date-updated", "readonly": true, "interface": "datetime", "collection": "building", "display_options": {"relative": true}}', NULL),
	(7, 8, 'directus_collections', 'building', '{"singleton": false, "collection": "building"}', '{"singleton": false, "collection": "building"}', NULL),
	(8, 9, 'directus_fields', '6', '{"field": "id", "hidden": true, "readonly": true, "interface": "input", "collection": "unit"}', '{"field": "id", "hidden": true, "readonly": true, "interface": "input", "collection": "unit"}', NULL),
	(9, 10, 'directus_fields', '7', '{"field": "user_created", "width": "half", "hidden": true, "display": "user", "options": {"template": "{{avatar.$thumbnail}} {{first_name}} {{last_name}}"}, "special": "user-created", "readonly": true, "interface": "select-dropdown-m2o", "collection": "unit"}', '{"field": "user_created", "width": "half", "hidden": true, "display": "user", "options": {"template": "{{avatar.$thumbnail}} {{first_name}} {{last_name}}"}, "special": "user-created", "readonly": true, "interface": "select-dropdown-m2o", "collection": "unit"}', NULL),
	(10, 11, 'directus_fields', '8', '{"field": "date_created", "width": "half", "hidden": true, "display": "datetime", "special": "date-created", "readonly": true, "interface": "datetime", "collection": "unit", "display_options": {"relative": true}}', '{"field": "date_created", "width": "half", "hidden": true, "display": "datetime", "special": "date-created", "readonly": true, "interface": "datetime", "collection": "unit", "display_options": {"relative": true}}', NULL),
	(11, 12, 'directus_fields', '9', '{"field": "user_updated", "width": "half", "hidden": true, "display": "user", "options": {"template": "{{avatar.$thumbnail}} {{first_name}} {{last_name}}"}, "special": "user-updated", "readonly": true, "interface": "select-dropdown-m2o", "collection": "unit"}', '{"field": "user_updated", "width": "half", "hidden": true, "display": "user", "options": {"template": "{{avatar.$thumbnail}} {{first_name}} {{last_name}}"}, "special": "user-updated", "readonly": true, "interface": "select-dropdown-m2o", "collection": "unit"}', NULL),
	(12, 13, 'directus_fields', '10', '{"field": "date_updated", "width": "half", "hidden": true, "display": "datetime", "special": "date-updated", "readonly": true, "interface": "datetime", "collection": "unit", "display_options": {"relative": true}}', '{"field": "date_updated", "width": "half", "hidden": true, "display": "datetime", "special": "date-updated", "readonly": true, "interface": "datetime", "collection": "unit", "display_options": {"relative": true}}', NULL),
	(13, 14, 'directus_collections', 'unit', '{"singleton": false, "collection": "unit"}', '{"singleton": false, "collection": "unit"}', NULL),
	(14, 15, 'directus_fields', '11', '{"field": "id", "hidden": true, "readonly": true, "interface": "input", "collection": "tenant"}', '{"field": "id", "hidden": true, "readonly": true, "interface": "input", "collection": "tenant"}', NULL),
	(15, 16, 'directus_fields', '12', '{"field": "user_created", "width": "half", "hidden": true, "display": "user", "options": {"template": "{{avatar.$thumbnail}} {{first_name}} {{last_name}}"}, "special": "user-created", "readonly": true, "interface": "select-dropdown-m2o", "collection": "tenant"}', '{"field": "user_created", "width": "half", "hidden": true, "display": "user", "options": {"template": "{{avatar.$thumbnail}} {{first_name}} {{last_name}}"}, "special": "user-created", "readonly": true, "interface": "select-dropdown-m2o", "collection": "tenant"}', NULL),
	(16, 17, 'directus_fields', '13', '{"field": "date_created", "width": "half", "hidden": true, "display": "datetime", "special": "date-created", "readonly": true, "interface": "datetime", "collection": "tenant", "display_options": {"relative": true}}', '{"field": "date_created", "width": "half", "hidden": true, "display": "datetime", "special": "date-created", "readonly": true, "interface": "datetime", "collection": "tenant", "display_options": {"relative": true}}', NULL),
	(17, 18, 'directus_fields', '14', '{"field": "date_updated", "width": "half", "hidden": true, "display": "datetime", "special": "date-updated", "readonly": true, "interface": "datetime", "collection": "tenant", "display_options": {"relative": true}}', '{"field": "date_updated", "width": "half", "hidden": true, "display": "datetime", "special": "date-updated", "readonly": true, "interface": "datetime", "collection": "tenant", "display_options": {"relative": true}}', NULL),
	(18, 19, 'directus_collections', 'tenant', '{"singleton": false, "collection": "tenant"}', '{"singleton": false, "collection": "tenant"}', NULL),
	(19, 20, 'directus_fields', '15', '{"field": "name", "display": "raw", "special": null, "required": true, "interface": "input", "collection": "building"}', '{"field": "name", "display": "raw", "special": null, "required": true, "interface": "input", "collection": "building"}', NULL),
	(20, 22, 'directus_fields', '16', '{"field": "id", "hidden": true, "readonly": true, "interface": "input", "collection": "tenant"}', '{"field": "id", "hidden": true, "readonly": true, "interface": "input", "collection": "tenant"}', NULL),
	(21, 23, 'directus_fields', '17', '{"field": "user_created", "width": "half", "hidden": true, "display": "user", "options": {"template": "{{avatar.$thumbnail}} {{first_name}} {{last_name}}"}, "special": "user-created", "readonly": true, "interface": "select-dropdown-m2o", "collection": "tenant"}', '{"field": "user_created", "width": "half", "hidden": true, "display": "user", "options": {"template": "{{avatar.$thumbnail}} {{first_name}} {{last_name}}"}, "special": "user-created", "readonly": true, "interface": "select-dropdown-m2o", "collection": "tenant"}', NULL),
	(22, 24, 'directus_fields', '18', '{"field": "date_created", "width": "half", "hidden": true, "display": "datetime", "special": "date-created", "readonly": true, "interface": "datetime", "collection": "tenant", "display_options": {"relative": true}}', '{"field": "date_created", "width": "half", "hidden": true, "display": "datetime", "special": "date-created", "readonly": true, "interface": "datetime", "collection": "tenant", "display_options": {"relative": true}}', NULL),
	(23, 25, 'directus_fields', '19', '{"field": "user_updated", "width": "half", "hidden": true, "display": "user", "options": {"template": "{{avatar.$thumbnail}} {{first_name}} {{last_name}}"}, "special": "user-updated", "readonly": true, "interface": "select-dropdown-m2o", "collection": "tenant"}', '{"field": "user_updated", "width": "half", "hidden": true, "display": "user", "options": {"template": "{{avatar.$thumbnail}} {{first_name}} {{last_name}}"}, "special": "user-updated", "readonly": true, "interface": "select-dropdown-m2o", "collection": "tenant"}', NULL),
	(24, 26, 'directus_fields', '20', '{"field": "date_updated", "width": "half", "hidden": true, "display": "datetime", "special": "date-updated", "readonly": true, "interface": "datetime", "collection": "tenant", "display_options": {"relative": true}}', '{"field": "date_updated", "width": "half", "hidden": true, "display": "datetime", "special": "date-updated", "readonly": true, "interface": "datetime", "collection": "tenant", "display_options": {"relative": true}}', NULL),
	(25, 27, 'directus_collections', 'tenant', '{"singleton": false, "collection": "tenant"}', '{"singleton": false, "collection": "tenant"}', NULL),
	(26, 28, 'directus_fields', '21', '{"field": "name", "display": "raw", "special": null, "required": true, "interface": "input", "collection": "tenant"}', '{"field": "name", "display": "raw", "special": null, "required": true, "interface": "input", "collection": "tenant"}', NULL),
	(27, 29, 'directus_fields', '22', '{"field": "name", "display": "raw", "special": null, "required": true, "interface": "input", "collection": "unit"}', '{"field": "name", "display": "raw", "special": null, "required": true, "interface": "input", "collection": "unit"}', NULL),
	(28, 30, 'directus_fields', '23', '{"field": "id", "hidden": true, "readonly": true, "interface": "input", "collection": "payment_log"}', '{"field": "id", "hidden": true, "readonly": true, "interface": "input", "collection": "payment_log"}', NULL),
	(29, 31, 'directus_fields', '24', '{"field": "user_created", "width": "half", "hidden": true, "display": "user", "options": {"template": "{{avatar.$thumbnail}} {{first_name}} {{last_name}}"}, "special": "user-created", "readonly": true, "interface": "select-dropdown-m2o", "collection": "payment_log"}', '{"field": "user_created", "width": "half", "hidden": true, "display": "user", "options": {"template": "{{avatar.$thumbnail}} {{first_name}} {{last_name}}"}, "special": "user-created", "readonly": true, "interface": "select-dropdown-m2o", "collection": "payment_log"}', NULL),
	(30, 32, 'directus_fields', '25', '{"field": "date_created", "width": "half", "hidden": true, "display": "datetime", "special": "date-created", "readonly": true, "interface": "datetime", "collection": "payment_log", "display_options": {"relative": true}}', '{"field": "date_created", "width": "half", "hidden": true, "display": "datetime", "special": "date-created", "readonly": true, "interface": "datetime", "collection": "payment_log", "display_options": {"relative": true}}', NULL),
	(31, 33, 'directus_fields', '26', '{"field": "user_updated", "width": "half", "hidden": true, "display": "user", "options": {"template": "{{avatar.$thumbnail}} {{first_name}} {{last_name}}"}, "special": "user-updated", "readonly": true, "interface": "select-dropdown-m2o", "collection": "payment_log"}', '{"field": "user_updated", "width": "half", "hidden": true, "display": "user", "options": {"template": "{{avatar.$thumbnail}} {{first_name}} {{last_name}}"}, "special": "user-updated", "readonly": true, "interface": "select-dropdown-m2o", "collection": "payment_log"}', NULL),
	(32, 34, 'directus_fields', '27', '{"field": "date_updated", "width": "half", "hidden": true, "display": "datetime", "special": "date-updated", "readonly": true, "interface": "datetime", "collection": "payment_log", "display_options": {"relative": true}}', '{"field": "date_updated", "width": "half", "hidden": true, "display": "datetime", "special": "date-updated", "readonly": true, "interface": "datetime", "collection": "payment_log", "display_options": {"relative": true}}', NULL),
	(33, 35, 'directus_collections', 'payment_log', '{"singleton": false, "collection": "payment_log"}', '{"singleton": false, "collection": "payment_log"}', NULL),
	(34, 36, 'building', '1', '{"name": "Zografou A1"}', '{"name": "Zografou A1"}', NULL),
	(35, 37, 'directus_fields', '28', '{"field": "related_unit", "display": null, "options": {"template": "{{name}}"}, "special": "m2o", "readonly": true, "interface": "select-dropdown-m2o", "collection": "building"}', '{"field": "related_unit", "display": null, "options": {"template": "{{name}}"}, "special": "m2o", "readonly": true, "interface": "select-dropdown-m2o", "collection": "building"}', NULL),
	(36, 38, 'unit', '1', '{"name": "zografou unit 1"}', '{"name": "zografou unit 1"}', NULL),
	(37, 39, 'directus_fields', '28', '{"id": 28, "note": null, "sort": null, "field": "related_unit", "group": null, "width": "full", "hidden": false, "display": null, "options": {"template": "{{name}}"}, "special": ["m2o"], "readonly": false, "required": false, "interface": "select-dropdown-m2o", "collection": "building", "conditions": null, "translations": null, "display_options": null}', '{"note": null, "sort": null, "field": "related_unit", "group": null, "width": "full", "hidden": false, "display": null, "options": {"template": "{{name}}"}, "special": ["m2o"], "readonly": false, "required": false, "interface": "select-dropdown-m2o", "collection": "building", "conditions": null, "translations": null, "display_options": null}', NULL),
	(38, 40, 'unit', '2', '{"name": "zografou unit 2"}', '{"name": "zografou unit 2"}', NULL),
	(39, 41, 'directus_fields', '29', '{"field": "related_building", "special": "m2o", "interface": null, "collection": "unit"}', '{"field": "related_building", "special": "m2o", "interface": null, "collection": "unit"}', NULL),
	(40, 42, 'directus_fields', '29', '{"id": 29, "note": null, "sort": null, "field": "related_building", "group": null, "width": "full", "hidden": false, "display": null, "options": {"template": "{{name}}"}, "special": ["m2o"], "readonly": false, "required": false, "interface": "select-dropdown-m2o", "collection": "unit", "conditions": null, "translations": null, "display_options": null}', '{"note": null, "sort": null, "field": "related_building", "group": null, "width": "full", "hidden": false, "display": null, "options": {"template": "{{name}}"}, "special": ["m2o"], "readonly": false, "required": false, "interface": "select-dropdown-m2o", "collection": "unit", "conditions": null, "translations": null, "display_options": null}', NULL),
	(41, 43, 'directus_fields', '30', '{"field": "related_building", "special": "m2o", "collection": "unit"}', '{"field": "related_building", "special": "m2o", "collection": "unit"}', NULL),
	(42, 44, 'directus_fields', '30', '{"id": 30, "note": null, "sort": null, "field": "related_building", "group": null, "width": "full", "hidden": false, "display": "related-values", "options": {"template": "{{name}}"}, "special": ["m2o"], "readonly": false, "required": false, "interface": "select-dropdown-m2o", "collection": "unit", "conditions": null, "translations": null, "display_options": {"template": "{{name}}"}}', '{"note": null, "sort": null, "field": "related_building", "group": null, "width": "full", "hidden": false, "display": "related-values", "options": {"template": "{{name}}"}, "special": ["m2o"], "readonly": false, "required": false, "interface": "select-dropdown-m2o", "collection": "unit", "conditions": null, "translations": null, "display_options": {"template": "{{name}}"}}', NULL),
	(43, 45, 'directus_fields', '31', '{"field": "related_unit", "display": "raw", "options": {"displayTemplate": "{{name}}"}, "special": "o2m", "interface": "list-o2m-tree-view", "collection": "building"}', '{"field": "related_unit", "display": "raw", "options": {"displayTemplate": "{{name}}"}, "special": "o2m", "interface": "list-o2m-tree-view", "collection": "building"}', NULL),
	(44, 46, 'unit', '1', '{"id": 1, "name": "zografou unit 1", "date_created": "2022-02-17T19:38:40.000Z", "date_updated": "2022-02-17T20:18:49.000Z", "user_created": "fed9685b-4844-4e14-ae9a-e385c8e04bbf", "user_updated": "fed9685b-4844-4e14-ae9a-e385c8e04bbf", "related_building": 1}', '{"date_updated": "2022-02-17T20:18:49.126Z", "user_updated": "fed9685b-4844-4e14-ae9a-e385c8e04bbf", "related_building": 1}', NULL),
	(45, 47, 'directus_fields', '31', '{"id": 31, "note": null, "sort": null, "field": "related_unit", "group": null, "width": "full", "hidden": false, "display": "raw", "options": {"template": "{{name}}", "displayTemplate": "{{name}}"}, "special": ["o2m"], "readonly": false, "required": false, "interface": "list-o2m", "collection": "building", "conditions": null, "translations": null, "display_options": null}', '{"note": null, "sort": null, "field": "related_unit", "group": null, "width": "full", "hidden": false, "display": "raw", "options": {"template": "{{name}}", "displayTemplate": "{{name}}"}, "special": ["o2m"], "readonly": false, "required": false, "interface": "list-o2m", "collection": "building", "conditions": null, "translations": null, "display_options": null}', NULL),
	(46, 48, 'directus_fields', '31', '{"id": 31, "note": null, "sort": null, "field": "related_unit", "group": null, "width": "full", "hidden": false, "display": "related-values", "options": {"template": "{{name}}", "displayTemplate": "{{name}}"}, "special": ["o2m"], "readonly": false, "required": false, "interface": "list-o2m", "collection": "building", "conditions": null, "translations": null, "display_options": {"template": "{{name}}"}}', '{"note": null, "sort": null, "field": "related_unit", "group": null, "width": "full", "hidden": false, "display": "related-values", "options": {"template": "{{name}}", "displayTemplate": "{{name}}"}, "special": ["o2m"], "readonly": false, "required": false, "interface": "list-o2m", "collection": "building", "conditions": null, "translations": null, "display_options": {"template": "{{name}}"}}', NULL),
	(47, 49, 'directus_fields', '32', '{"field": "first_name", "display": "formatted-value", "special": null, "required": true, "interface": "input", "collection": "tenant"}', '{"field": "first_name", "display": "formatted-value", "special": null, "required": true, "interface": "input", "collection": "tenant"}', NULL),
	(48, 50, 'directus_fields', '32', '{"id": 32, "note": null, "sort": null, "field": "first_name", "group": null, "width": "half", "hidden": false, "display": "formatted-value", "options": null, "special": null, "readonly": false, "required": true, "interface": "input", "collection": "tenant", "conditions": null, "translations": null, "display_options": null}', '{"field": "first_name", "width": "half", "collection": "tenant"}', NULL),
	(49, 51, 'directus_fields', '33', '{"note": null, "field": "last_name", "width": "half", "hidden": false, "display": "formatted-value", "options": null, "special": null, "readonly": false, "required": true, "interface": "input", "collection": "tenant", "conditions": null, "translations": null, "display_options": null}', '{"note": null, "field": "last_name", "width": "half", "hidden": false, "display": "formatted-value", "options": null, "special": null, "readonly": false, "required": true, "interface": "input", "collection": "tenant", "conditions": null, "translations": null, "display_options": null}', NULL),
	(50, 52, 'tenant', '1', '{"last_name": "spyropoulos", "first_name": "panagiotis"}', '{"last_name": "spyropoulos", "first_name": "panagiotis"}', NULL),
	(51, 53, 'directus_fields', '34', '{"field": "related_unit", "options": {"template": "{{name}}"}, "special": "m2o", "interface": "select-dropdown-m2o", "collection": "tenant"}', '{"field": "related_unit", "options": {"template": "{{name}}"}, "special": "m2o", "interface": "select-dropdown-m2o", "collection": "tenant"}', NULL),
	(52, 54, 'tenant', '1', '{"id": 1, "last_name": "spyropoulos", "first_name": "panagiotis", "date_created": "2022-02-17T20:22:13.000Z", "date_updated": "2022-02-17T20:24:05.000Z", "related_unit": 1, "user_created": "fed9685b-4844-4e14-ae9a-e385c8e04bbf", "user_updated": "fed9685b-4844-4e14-ae9a-e385c8e04bbf"}', '{"date_updated": "2022-02-17T20:24:04.870Z", "related_unit": 1, "user_updated": "fed9685b-4844-4e14-ae9a-e385c8e04bbf"}', NULL),
	(53, 55, 'directus_fields', '34', '{"id": 34, "note": null, "sort": null, "field": "related_unit", "group": null, "width": "full", "hidden": false, "display": "related-values", "options": {"template": "{{name}}"}, "special": ["m2o"], "readonly": false, "required": false, "interface": "select-dropdown-m2o", "collection": "tenant", "conditions": null, "translations": null, "display_options": {"template": "{{name}}"}}', '{"note": null, "sort": null, "field": "related_unit", "group": null, "width": "full", "hidden": false, "display": "related-values", "options": {"template": "{{name}}"}, "special": ["m2o"], "readonly": false, "required": false, "interface": "select-dropdown-m2o", "collection": "tenant", "conditions": null, "translations": null, "display_options": {"template": "{{name}}"}}', NULL),
	(54, 56, 'directus_fields', '35', '{"field": "related_tenant", "options": {"displayTemplate": "{{first_name}} {{last_name}}"}, "special": "o2m", "interface": "list-o2m-tree-view", "collection": "unit"}', '{"field": "related_tenant", "options": {"displayTemplate": "{{first_name}} {{last_name}}"}, "special": "o2m", "interface": "list-o2m-tree-view", "collection": "unit"}', NULL),
	(55, 57, 'directus_fields', '35', '{"id": 35, "note": null, "sort": null, "field": "related_tenant", "group": null, "width": "full", "hidden": false, "display": null, "options": {"template": "{{first_name}} {{last_name}}", "enableCreate": false, "enableSelect": false, "displayTemplate": "{{first_name}} {{last_name}}"}, "special": ["o2m"], "readonly": false, "required": false, "interface": "list-o2m", "collection": "unit", "conditions": null, "translations": null, "display_options": null}', '{"note": null, "sort": null, "field": "related_tenant", "group": null, "width": "full", "hidden": false, "display": null, "options": {"template": "{{first_name}} {{last_name}}", "enableCreate": false, "enableSelect": false, "displayTemplate": "{{first_name}} {{last_name}}"}, "special": ["o2m"], "readonly": false, "required": false, "interface": "list-o2m", "collection": "unit", "conditions": null, "translations": null, "display_options": null}', NULL),
	(56, 58, 'directus_fields', '35', '{"id": 35, "note": null, "sort": null, "field": "related_tenant", "group": null, "width": "full", "hidden": false, "display": null, "options": {"filter": {"_and": [{"related_unit": {"id": {"_eq": null}}}]}, "template": "{{first_name}} {{last_name}}", "enableCreate": false, "displayTemplate": "{{first_name}} {{last_name}}"}, "special": ["o2m"], "readonly": false, "required": false, "interface": "list-o2m", "collection": "unit", "conditions": null, "translations": null, "display_options": null}', '{"note": null, "sort": null, "field": "related_tenant", "group": null, "width": "full", "hidden": false, "display": null, "options": {"filter": {"_and": [{"related_unit": {"id": {"_eq": null}}}]}, "template": "{{first_name}} {{last_name}}", "enableCreate": false, "displayTemplate": "{{first_name}} {{last_name}}"}, "special": ["o2m"], "readonly": false, "required": false, "interface": "list-o2m", "collection": "unit", "conditions": null, "translations": null, "display_options": null}', NULL),
	(57, 59, 'tenant', '2', '{"last_name": "bobos", "first_name": "nikos"}', '{"last_name": "bobos", "first_name": "nikos"}', NULL),
	(58, 60, 'directus_fields', '35', '{"id": 35, "note": null, "sort": null, "field": "related_tenant", "group": null, "width": "full", "hidden": false, "display": null, "options": {"filter": null, "template": "{{first_name}} {{last_name}}", "enableCreate": false, "displayTemplate": "{{first_name}} {{last_name}}"}, "special": ["o2m"], "readonly": false, "required": false, "interface": "list-o2m", "collection": "unit", "conditions": null, "translations": null, "display_options": null}', '{"note": null, "sort": null, "field": "related_tenant", "group": null, "width": "full", "hidden": false, "display": null, "options": {"filter": null, "template": "{{first_name}} {{last_name}}", "enableCreate": false, "displayTemplate": "{{first_name}} {{last_name}}"}, "special": ["o2m"], "readonly": false, "required": false, "interface": "list-o2m", "collection": "unit", "conditions": null, "translations": null, "display_options": null}', NULL),
	(59, 61, 'directus_fields', '35', '{"id": 35, "note": null, "sort": null, "field": "related_tenant", "group": null, "width": "full", "hidden": false, "display": "related-values", "options": {"filter": null, "template": "{{first_name}} {{last_name}}", "enableCreate": false, "displayTemplate": "{{first_name}} {{last_name}}"}, "special": ["o2m"], "readonly": false, "required": false, "interface": "list-o2m", "collection": "unit", "conditions": null, "translations": null, "display_options": {"template": "{{first_name}} {{last_name}}"}}', '{"note": null, "sort": null, "field": "related_tenant", "group": null, "width": "full", "hidden": false, "display": "related-values", "options": {"filter": null, "template": "{{first_name}} {{last_name}}", "enableCreate": false, "displayTemplate": "{{first_name}} {{last_name}}"}, "special": ["o2m"], "readonly": false, "required": false, "interface": "list-o2m", "collection": "unit", "conditions": null, "translations": null, "display_options": {"template": "{{first_name}} {{last_name}}"}}', NULL),
	(60, 62, 'directus_fields', '35', '{"id": 35, "note": null, "sort": null, "field": "related_tenant", "group": null, "width": "full", "hidden": false, "display": "related-values", "options": {"filter": null, "template": "{{first_name}} {{last_name}}", "enableCreate": false, "displayTemplate": "{{first_name}} {{last_name}}"}, "special": ["o2m"], "readonly": false, "required": false, "interface": "list-o2m", "collection": "unit", "conditions": [{"name": "NULL", "rule": {"_and": [{"related_tenant": {"id": {"_eq": null}}}]}}], "translations": null, "display_options": {"template": "{{first_name}} {{last_name}}"}}', '{"note": null, "sort": null, "field": "related_tenant", "group": null, "width": "full", "hidden": false, "display": "related-values", "options": {"filter": null, "template": "{{first_name}} {{last_name}}", "enableCreate": false, "displayTemplate": "{{first_name}} {{last_name}}"}, "special": ["o2m"], "readonly": false, "required": false, "interface": "list-o2m", "collection": "unit", "conditions": [{"name": "NULL", "rule": {"_and": [{"related_tenant": {"id": {"_eq": null}}}]}}], "translations": null, "display_options": {"template": "{{first_name}} {{last_name}}"}}', NULL),
	(61, 63, 'directus_fields', '35', '{"id": 35, "note": null, "sort": null, "field": "related_tenant", "group": null, "width": "full", "hidden": false, "display": "related-values", "options": {"filter": null, "template": "{{first_name}} {{last_name}}", "enableCreate": false, "displayTemplate": "{{first_name}} {{last_name}}"}, "special": ["o2m"], "readonly": false, "required": false, "interface": "list-o2m", "collection": "unit", "conditions": null, "translations": null, "display_options": {"template": "{{first_name}} {{last_name}}"}}', '{"note": null, "sort": null, "field": "related_tenant", "group": null, "width": "full", "hidden": false, "display": "related-values", "options": {"filter": null, "template": "{{first_name}} {{last_name}}", "enableCreate": false, "displayTemplate": "{{first_name}} {{last_name}}"}, "special": ["o2m"], "readonly": false, "required": false, "interface": "list-o2m", "collection": "unit", "conditions": null, "translations": null, "display_options": {"template": "{{first_name}} {{last_name}}"}}', NULL),
	(62, 64, 'directus_fields', '35', '{"id": 35, "note": null, "sort": null, "field": "related_tenant", "group": null, "width": "full", "hidden": false, "display": "related-values", "options": {"filter": {"_and": [{"related_unit": {"id": {"_eq": null}}}]}, "template": "{{first_name}} {{last_name}}", "enableCreate": false, "displayTemplate": "{{first_name}} {{last_name}}"}, "special": ["o2m"], "readonly": false, "required": false, "interface": "list-o2m", "collection": "unit", "conditions": null, "translations": null, "display_options": {"template": "{{first_name}} {{last_name}}"}}', '{"note": null, "sort": null, "field": "related_tenant", "group": null, "width": "full", "hidden": false, "display": "related-values", "options": {"filter": {"_and": [{"related_unit": {"id": {"_eq": null}}}]}, "template": "{{first_name}} {{last_name}}", "enableCreate": false, "displayTemplate": "{{first_name}} {{last_name}}"}, "special": ["o2m"], "readonly": false, "required": false, "interface": "list-o2m", "collection": "unit", "conditions": null, "translations": null, "display_options": {"template": "{{first_name}} {{last_name}}"}}', NULL),
	(63, 65, 'directus_fields', '35', '{"id": 35, "note": null, "sort": null, "field": "related_tenant", "group": null, "width": "full", "hidden": false, "display": "related-values", "options": {"filter": {"_and": [{"related_unit": {"related_tenant": {"related_unit": {"id": {"_eq": null}}}}}]}, "template": "{{first_name}} {{last_name}}", "enableCreate": false, "displayTemplate": "{{first_name}} {{last_name}}"}, "special": ["o2m"], "readonly": false, "required": false, "interface": "list-o2m", "collection": "unit", "conditions": null, "translations": null, "display_options": {"template": "{{first_name}} {{last_name}}"}}', '{"note": null, "sort": null, "field": "related_tenant", "group": null, "width": "full", "hidden": false, "display": "related-values", "options": {"filter": {"_and": [{"related_unit": {"related_tenant": {"related_unit": {"id": {"_eq": null}}}}}]}, "template": "{{first_name}} {{last_name}}", "enableCreate": false, "displayTemplate": "{{first_name}} {{last_name}}"}, "special": ["o2m"], "readonly": false, "required": false, "interface": "list-o2m", "collection": "unit", "conditions": null, "translations": null, "display_options": {"template": "{{first_name}} {{last_name}}"}}', NULL),
	(64, 66, 'directus_fields', '35', '{"id": 35, "note": null, "sort": null, "field": "related_tenant", "group": null, "width": "full", "hidden": false, "display": "related-values", "options": {"filter": {"_and": [{"related_unit": {"related_tenant": {"related_unit": {"id": {"_eq": "9"}}}}}]}, "template": "{{first_name}} {{last_name}}", "enableCreate": false, "displayTemplate": "{{first_name}} {{last_name}}"}, "special": ["o2m"], "readonly": false, "required": false, "interface": "list-o2m", "collection": "unit", "conditions": null, "translations": null, "display_options": {"template": "{{first_name}} {{last_name}}"}}', '{"note": null, "sort": null, "field": "related_tenant", "group": null, "width": "full", "hidden": false, "display": "related-values", "options": {"filter": {"_and": [{"related_unit": {"related_tenant": {"related_unit": {"id": {"_eq": "9"}}}}}]}, "template": "{{first_name}} {{last_name}}", "enableCreate": false, "displayTemplate": "{{first_name}} {{last_name}}"}, "special": ["o2m"], "readonly": false, "required": false, "interface": "list-o2m", "collection": "unit", "conditions": null, "translations": null, "display_options": {"template": "{{first_name}} {{last_name}}"}}', NULL),
	(65, 67, 'directus_fields', '35', '{"id": 35, "note": null, "sort": null, "field": "related_tenant", "group": null, "width": "full", "hidden": false, "display": "related-values", "options": {"filter": {"_and": [{"related_unit": {"related_tenant": {"related_unit": {"id": {"_eq": null}}}}}]}, "template": "{{first_name}} {{last_name}}", "enableCreate": false, "displayTemplate": "{{first_name}} {{last_name}}"}, "special": ["o2m"], "readonly": false, "required": false, "interface": "list-o2m", "collection": "unit", "conditions": null, "translations": null, "display_options": {"template": "{{first_name}} {{last_name}}"}}', '{"note": null, "sort": null, "field": "related_tenant", "group": null, "width": "full", "hidden": false, "display": "related-values", "options": {"filter": {"_and": [{"related_unit": {"related_tenant": {"related_unit": {"id": {"_eq": null}}}}}]}, "template": "{{first_name}} {{last_name}}", "enableCreate": false, "displayTemplate": "{{first_name}} {{last_name}}"}, "special": ["o2m"], "readonly": false, "required": false, "interface": "list-o2m", "collection": "unit", "conditions": null, "translations": null, "display_options": {"template": "{{first_name}} {{last_name}}"}}', NULL),
	(66, 68, 'directus_fields', '35', '{"id": 35, "note": null, "sort": null, "field": "related_tenant", "group": null, "width": "full", "hidden": false, "display": "related-values", "options": {"filter": {"_and": [{"related_unit": {"related_tenant": {"related_unit": {"id": {"_eq": "0"}}}}}]}, "template": "{{first_name}} {{last_name}}", "enableCreate": false, "displayTemplate": "{{first_name}} {{last_name}}"}, "special": ["o2m"], "readonly": false, "required": false, "interface": "list-o2m", "collection": "unit", "conditions": null, "translations": null, "display_options": {"template": "{{first_name}} {{last_name}}"}}', '{"note": null, "sort": null, "field": "related_tenant", "group": null, "width": "full", "hidden": false, "display": "related-values", "options": {"filter": {"_and": [{"related_unit": {"related_tenant": {"related_unit": {"id": {"_eq": "0"}}}}}]}, "template": "{{first_name}} {{last_name}}", "enableCreate": false, "displayTemplate": "{{first_name}} {{last_name}}"}, "special": ["o2m"], "readonly": false, "required": false, "interface": "list-o2m", "collection": "unit", "conditions": null, "translations": null, "display_options": {"template": "{{first_name}} {{last_name}}"}}', NULL),
	(67, 69, 'directus_fields', '35', '{"id": 35, "note": null, "sort": null, "field": "related_tenant", "group": null, "width": "full", "hidden": false, "display": "related-values", "options": {"filter": null, "template": "{{first_name}} {{last_name}}", "enableCreate": false, "displayTemplate": "{{first_name}} {{last_name}}"}, "special": ["o2m"], "readonly": false, "required": false, "interface": "list-o2m", "collection": "unit", "conditions": null, "translations": null, "display_options": {"template": "{{first_name}} {{last_name}}"}}', '{"note": null, "sort": null, "field": "related_tenant", "group": null, "width": "full", "hidden": false, "display": "related-values", "options": {"filter": null, "template": "{{first_name}} {{last_name}}", "enableCreate": false, "displayTemplate": "{{first_name}} {{last_name}}"}, "special": ["o2m"], "readonly": false, "required": false, "interface": "list-o2m", "collection": "unit", "conditions": null, "translations": null, "display_options": {"template": "{{first_name}} {{last_name}}"}}', NULL),
	(68, 70, 'directus_fields', '35', '{"id": 35, "note": null, "sort": null, "field": "related_tenant", "group": null, "width": "full", "hidden": false, "display": "related-values", "options": {"filter": null, "template": "{{first_name}} {{last_name}}", "enableCreate": false, "displayTemplate": "{{first_name}} {{last_name}}"}, "special": ["o2m"], "readonly": false, "required": false, "interface": "list-o2m", "collection": "unit", "conditions": [{"name": "kmkl", "rule": {"_and": [{"related_tenant": {"related_unit": {"id": {"_eq": null}}}}]}}], "translations": null, "display_options": {"template": "{{first_name}} {{last_name}}"}}', '{"note": null, "sort": null, "field": "related_tenant", "group": null, "width": "full", "hidden": false, "display": "related-values", "options": {"filter": null, "template": "{{first_name}} {{last_name}}", "enableCreate": false, "displayTemplate": "{{first_name}} {{last_name}}"}, "special": ["o2m"], "readonly": false, "required": false, "interface": "list-o2m", "collection": "unit", "conditions": [{"name": "kmkl", "rule": {"_and": [{"related_tenant": {"related_unit": {"id": {"_eq": null}}}}]}}], "translations": null, "display_options": {"template": "{{first_name}} {{last_name}}"}}', NULL),
	(69, 71, 'directus_fields', '35', '{"id": 35, "note": null, "sort": null, "field": "related_tenant", "group": null, "width": "full", "hidden": false, "display": "related-values", "options": {"filter": null, "template": "{{first_name}} {{last_name}}", "enableCreate": false, "displayTemplate": "{{first_name}} {{last_name}}"}, "special": ["o2m"], "readonly": false, "required": false, "interface": "list-o2m", "collection": "unit", "conditions": [{"name": "kmkl", "rule": {"_and": [{"related_tenant": {"related_unit": {"id": {"_eq": "0"}}}}]}}], "translations": null, "display_options": {"template": "{{first_name}} {{last_name}}"}}', '{"note": null, "sort": null, "field": "related_tenant", "group": null, "width": "full", "hidden": false, "display": "related-values", "options": {"filter": null, "template": "{{first_name}} {{last_name}}", "enableCreate": false, "displayTemplate": "{{first_name}} {{last_name}}"}, "special": ["o2m"], "readonly": false, "required": false, "interface": "list-o2m", "collection": "unit", "conditions": [{"name": "kmkl", "rule": {"_and": [{"related_tenant": {"related_unit": {"id": {"_eq": "0"}}}}]}}], "translations": null, "display_options": {"template": "{{first_name}} {{last_name}}"}}', NULL),
	(70, 72, 'directus_users', 'b5e64dd0-7f4b-40c1-ba25-b8ee99d38b80', '{"email": "dolphin9942@gmail.com", "password": "**********", "last_name": "werg", "first_name": "sdg"}', '{"email": "dolphin9942@gmail.com", "password": "**********", "last_name": "werg", "first_name": "sdg"}', NULL),
	(71, 73, 'directus_users', '1e755bfc-1509-4eb3-9084-e28ee0059d62', '{"email": "q3rweferg@letsmove.gr", "password": "**********", "first_name": "qr3w"}', '{"email": "q3rweferg@letsmove.gr", "password": "**********", "first_name": "qr3w"}', NULL),
	(72, 74, 'directus_users', 'c58430d4-476a-4ed4-88e9-e6aec61eca4c', '{"email": "23ewd@letsmove.gr", "password": "**********", "first_name": "wqerfds"}', '{"email": "23ewd@letsmove.gr", "password": "**********", "first_name": "wqerfds"}', NULL),
	(73, 75, 'directus_users', '41b1aece-fbb3-40b5-b1c5-ea12ba58bfad', '{"email": "qewfds@gmail.com", "password": "**********", "first_name": "wefdsv"}', '{"email": "qewfds@gmail.com", "password": "**********", "first_name": "wefdsv"}', NULL);
/*!40000 ALTER TABLE `directus_revisions` ENABLE KEYS */;

-- Dumping data for table directus.directus_roles: ~0 rows (approximately)
/*!40000 ALTER TABLE `directus_roles` DISABLE KEYS */;
INSERT INTO `directus_roles` (`id`, `name`, `icon`, `description`, `ip_access`, `enforce_tfa`, `admin_access`, `app_access`) VALUES
	('775b65c2-f757-4e0f-b636-1295ecd38ef2', 'Administrator', 'verified', '$t:admin_description', NULL, 0, 1, 1);
/*!40000 ALTER TABLE `directus_roles` ENABLE KEYS */;

-- Dumping data for table directus.directus_sessions: ~1 rows (approximately)
/*!40000 ALTER TABLE `directus_sessions` DISABLE KEYS */;
INSERT INTO `directus_sessions` (`token`, `user`, `expires`, `ip`, `user_agent`, `share`) VALUES
	('oajOJbrQ4yIQwKH8YsRVnBy4tkKroUUB5zWw3LAREK8zX4lYknlGvBS9s4GVCORk', 'fed9685b-4844-4e14-ae9a-e385c8e04bbf', '2022-02-25 01:04:23', '::1', 'Mozilla/5.0 (Windows NT 10.0; Win64; x64) AppleWebKit/537.36 (KHTML, like Gecko) Chrome/98.0.4758.80 Safari/537.36 Edg/98.0.1108.50', NULL);
/*!40000 ALTER TABLE `directus_sessions` ENABLE KEYS */;

-- Dumping data for table directus.directus_settings: ~0 rows (approximately)
/*!40000 ALTER TABLE `directus_settings` DISABLE KEYS */;
/*!40000 ALTER TABLE `directus_settings` ENABLE KEYS */;

-- Dumping data for table directus.directus_shares: ~0 rows (approximately)
/*!40000 ALTER TABLE `directus_shares` DISABLE KEYS */;
/*!40000 ALTER TABLE `directus_shares` ENABLE KEYS */;

-- Dumping data for table directus.directus_users: ~1 rows (approximately)
/*!40000 ALTER TABLE `directus_users` DISABLE KEYS */;
INSERT INTO `directus_users` (`id`, `first_name`, `last_name`, `email`, `password`, `location`, `title`, `description`, `tags`, `avatar`, `language`, `theme`, `tfa_secret`, `status`, `role`, `token`, `last_access`, `last_page`, `provider`, `external_identifier`, `auth_data`, `email_notifications`) VALUES
	('fed9685b-4844-4e14-ae9a-e385c8e04bbf', 'Admin', 'User', 'panosjseven@gmail.com', '$argon2i$v=19$m=4096,t=3,p=1$sPmBF59XhYNCRYKjcW0ELA$0kV5Lv+MyP4wA90QR3nttWdd3FPssrVM7j7H3xR004s', NULL, NULL, NULL, NULL, NULL, 'en-US', 'auto', NULL, 'active', '775b65c2-f757-4e0f-b636-1295ecd38ef2', NULL, '2022-02-18 01:04:23', '/content/unit/1', 'default', NULL, NULL, 1);
/*!40000 ALTER TABLE `directus_users` ENABLE KEYS */;

-- Dumping data for table directus.directus_webhooks: ~0 rows (approximately)
/*!40000 ALTER TABLE `directus_webhooks` DISABLE KEYS */;
/*!40000 ALTER TABLE `directus_webhooks` ENABLE KEYS */;

-- Dumping data for table directus.payment_log: ~0 rows (approximately)
/*!40000 ALTER TABLE `payment_log` DISABLE KEYS */;
/*!40000 ALTER TABLE `payment_log` ENABLE KEYS */;

-- Dumping data for table directus.tenant: ~0 rows (approximately)
/*!40000 ALTER TABLE `tenant` DISABLE KEYS */;
INSERT INTO `tenant` (`id`, `user_created`, `date_created`, `user_updated`, `date_updated`, `first_name`, `last_name`, `related_unit`) VALUES
	(1, 'fed9685b-4844-4e14-ae9a-e385c8e04bbf', '2022-02-17 22:22:13', 'fed9685b-4844-4e14-ae9a-e385c8e04bbf', '2022-02-17 22:24:05', 'panagiotis', 'spyropoulos', 1),
	(2, 'fed9685b-4844-4e14-ae9a-e385c8e04bbf', '2022-02-17 22:37:02', NULL, NULL, 'nikos', 'bobos', NULL);
/*!40000 ALTER TABLE `tenant` ENABLE KEYS */;

-- Dumping data for table directus.unit: ~2 rows (approximately)
/*!40000 ALTER TABLE `unit` DISABLE KEYS */;
INSERT INTO `unit` (`id`, `user_created`, `date_created`, `user_updated`, `date_updated`, `name`, `related_building`) VALUES
	(1, 'fed9685b-4844-4e14-ae9a-e385c8e04bbf', '2022-02-17 21:38:40', 'fed9685b-4844-4e14-ae9a-e385c8e04bbf', '2022-02-17 22:18:49', 'zografou unit 1', 1),
	(2, 'fed9685b-4844-4e14-ae9a-e385c8e04bbf', '2022-02-17 21:39:41', NULL, NULL, 'zografou unit 2', NULL);
/*!40000 ALTER TABLE `unit` ENABLE KEYS */;

/*!40101 SET SQL_MODE=IFNULL(@OLD_SQL_MODE, '') */;
/*!40014 SET FOREIGN_KEY_CHECKS=IFNULL(@OLD_FOREIGN_KEY_CHECKS, 1) */;
/*!40101 SET CHARACTER_SET_CLIENT=@OLD_CHARACTER_SET_CLIENT */;
/*!40111 SET SQL_NOTES=IFNULL(@OLD_SQL_NOTES, 1) */;
